{
  "best_model": "gradient_boosting",
  "trained_at": "2026-04-15T16:42:18.136229+00:00",
  "dataset_rows": 918,
  "test_size": 0.2,
  "evaluations": [
    {
      "name": "gradient_boosting",
      "accuracy": 0.8913043478260869,
      "precision": 0.9019607843137255,
      "recall": 0.9019607843137255,
      "f1": 0.9019607843137255,
      "roc_auc": 0.9360951697752271
    },
    {
      "name": "random_forest",
      "accuracy": 0.9130434782608695,
      "precision": 0.9056603773584906,
      "recall": 0.9411764705882353,
      "f1": 0.9230769230769231,
      "roc_auc": 0.934361549497848
    },
    {
      "name": "svm_rbf",
      "accuracy": 0.8641304347826086,
      "precision": 0.8598130841121495,
      "recall": 0.9019607843137255,
      "f1": 0.8803827751196173,
      "roc_auc": 0.9212099473935916
    },
    {
      "name": "logistic_regression",
      "accuracy": 0.8804347826086957,
      "precision": 0.8773584905660378,
      "recall": 0.9117647058823529,
      "f1": 0.8942307692307693,
      "roc_auc": 0.8992109038737447
    }
  ]
}